{"hidden_dim": 52, "num_heads": 10, "dropout_rate": 0.19962870020582893, "negative_slope": 0.08525082367362036, "lr": 0.0005399706953478836, "batch_size": 64}