{"hidden_dim": 175, "num_heads": 5, "dropout_rate": 0.2716899424787365, "negative_slope": 0.12875173616917415, "lr": 0.001309773451373491, "batch_size": 128}