{"hidden_dim": 163, "num_heads": 1, "dropout_rate": 0.1411411281824057, "negative_slope": 0.10697520917155623, "lr": 0.0011033998127731217, "batch_size": 128}