{"hidden_dim": 174, "num_heads": 4, "dropout_rate": 0.38088221048272713, "negative_slope": 0.07041084123597664, "lr": 0.00011505023810136334, "batch_size": 128}