{"hidden_dim": 104, "num_heads": 1, "dropout_rate": 0.06587672783674442, "negative_slope": 0.13826226290696997, "lr": 0.00209268966544667, "batch_size": 64}