{"hidden_dim": 252, "num_heads": 7, "dropout_rate": 0.4894528548494044, "negative_slope": 0.1262719393934939, "lr": 0.0005045219997469445, "batch_size": 64}