{"hidden_dim": 102, "num_heads": 7, "dropout_rate": 0.20238185408901044, "negative_slope": 0.19998997727757672, "lr": 0.00036933349232343913, "batch_size": 64}