{"hidden_dim": 120, "num_heads": 9, "dropout_rate": 0.04009157446714873, "negative_slope": 0.12554180623793718, "lr": 0.0004032106626399163, "batch_size": 128}