{"hidden_dim": 217, "num_heads": 9, "dropout_rate": 0.4625193512484256, "negative_slope": 0.06515280726638908, "lr": 0.00013297439654145132, "batch_size": 128}