{"hidden_dim": 225, "num_heads": 1, "dropout_rate": 0.2455882518750387, "negative_slope": 0.0936175097317711, "lr": 0.0006153102153152388, "batch_size": 256}