{"hidden_dim": 220, "num_heads": 16, "dropout_rate": 0.2948790791777478, "negative_slope": 0.06322255319542533, "lr": 0.002244170223389073, "batch_size": 128}