{"hidden_dim": 154, "num_heads": 12, "dropout_rate": 0.40947449897447974, "negative_slope": 0.1465277634041351, "lr": 0.0007504043274322894, "batch_size": 64}