{"hidden_dim": 156, "num_heads": 10, "dropout_rate": 0.06693886927680741, "negative_slope": 0.07727232747335204, "lr": 0.00015577944121268115, "batch_size": 128}