{"hidden_dim": 98, "num_heads": 12, "dropout_rate": 0.35431012701051456, "negative_slope": 0.15478842585106758, "lr": 0.001357927744000869, "batch_size": 64}