{"n_steps": 1, "hidden_dim": 204, "lr": 0.0008896157383128034, "batch_size": 128, "dropout_rate": 0.0843013374906269}