{"n_steps": 6, "hidden_dim": 222, "lr": 0.00021831838659598128, "batch_size": 64, "dropout_rate": 0.47990309132755904}