{"n_steps": 3, "hidden_dim": 101, "lr": 0.0007831202045274257, "batch_size": 64, "dropout_rate": 0.24604154760721764}