{"n_steps": 1, "hidden_dim": 157, "lr": 0.001176895553039038, "batch_size": 256, "dropout_rate": 0.42402507919179855}