{"n_steps": 5, "hidden_dim": 169, "lr": 0.0001401403034230035, "batch_size": 64, "dropout_rate": 0.260695450655729}