{"n_steps": 2, "hidden_dim": 95, "lr": 0.0003958151590393737, "batch_size": 64, "dropout_rate": 0.30016791249948394}