{"n_steps": 3, "hidden_dim": 180, "lr": 0.00017963213118393737, "batch_size": 128, "dropout_rate": 0.2863742104450651}