{"n_steps": 8, "hidden_dim": 154, "lr": 0.0003843849406203743, "batch_size": 512, "dropout_rate": 0.09830024894860845}