{"n_steps": 8, "hidden_dim": 252, "lr": 0.00010239519901169578, "batch_size": 128, "dropout_rate": 0.21798267454744902}