{"n_steps": 2, "hidden_dim": 187, "lr": 0.0008763688326293078, "batch_size": 128, "dropout_rate": 0.36540507458496707}