{"n_steps": 2, "hidden_dim": 80, "lr": 0.0006250579081478144, "batch_size": 64, "dropout_rate": 0.20067587196743356}