{"n_steps": 7, "hidden_dim": 153, "lr": 0.0002440090164610315, "batch_size": 256, "dropout_rate": 0.007621698335904453}