{"n_steps": 2, "hidden_dim": 81, "lr": 0.002310545903577175, "batch_size": 128, "dropout_rate": 0.15748102539707504}