{"n_steps": 2, "hidden_dim": 104, "lr": 0.0023063944211876683, "batch_size": 128, "dropout_rate": 0.10204936410979148}