{"n_steps": 5, "hidden_dim": 78, "lr": 0.00034367289884845443, "batch_size": 64, "dropout_rate": 0.19586839513738183}