{"n_steps": 2, "hidden_dim": 201, "lr": 0.00010745575246542903, "batch_size": 64, "dropout_rate": 0.33189481347776606}