{"n_steps": 1, "hidden_dim": 248, "lr": 0.0032640208447312536, "batch_size": 128, "dropout_rate": 0.4983178796456601}