{"n_steps": 13, "hidden_dim": 135, "lr": 0.0001047174039276249, "batch_size": 128, "dropout_rate": 0.34846612337636407}