{"n_steps": 15, "hidden_dim": 74, "lr": 0.00035501492535884566, "batch_size": 64, "dropout_rate": 0.1399777002086816}