{"n_steps": 6, "hidden_dim": 147, "lr": 0.00011122031902378052, "batch_size": 64, "dropout_rate": 0.48029717792221466}