{"n_steps": 1, "hidden_dim": 107, "lr": 0.0087730928920768, "batch_size": 128, "dropout_rate": 0.48526128246657096}