{"n_steps": 10, "hidden_dim": 219, "lr": 0.00033513946240335755, "batch_size": 512, "dropout_rate": 0.4800674793689041}