{"n_steps": 7, "hidden_dim": 89, "lr": 0.0004811056697109731, "batch_size": 128, "dropout_rate": 0.29062213601875647}