{"hidden_dim": 58, "aggregator_type": "mean", "dropout_rate": 0.0020570930106001903, "lr": 0.005324692135140483, "batch_size": 64}