{"hidden_dim": 97, "num_heads": 4, "dropout_rate": 0.19483486894926105, "negative_slope": 0.15885467235500988, "lr": 0.0009104382599741261, "batch_size": 128}