{"hidden_dim": 211, "num_heads": 3, "dropout_rate": 0.1480990554907778, "negative_slope": 0.1978470985841204, "lr": 0.00032002094223652395, "batch_size": 512}