{"hidden_dim": 93, "num_heads": 1, "dropout_rate": 0.1483669614699362, "negative_slope": 0.1626239333647942, "lr": 0.0007500994759872204, "batch_size": 512}