{"hidden_dim": 67, "num_heads": 7, "dropout_rate": 0.3382557133513079, "negative_slope": 0.036123501335783986, "lr": 0.0010129817045873726, "batch_size": 128}