{"hidden_dim": 54, "num_heads": 5, "dropout_rate": 0.2496493965675809, "negative_slope": 0.0299392193047638, "lr": 0.017467329275070425, "batch_size": 64}