{"hidden_dim": 174, "num_heads": 18, "dropout_rate": 0.02259502061918678, "negative_slope": 0.06810376647273307, "lr": 0.0001243710408394299, "batch_size": 128}