{"hidden_dim": 58, "num_heads": 16, "dropout_rate": 0.16838118069325503, "negative_slope": 0.09259978094786951, "lr": 0.010189403801100193, "batch_size": 128}