{"hidden_dim": 229, "num_heads": 9, "dropout_rate": 0.14642654848488257, "negative_slope": 0.18806431024545694, "lr": 0.0001972855792993529, "batch_size": 64}