{"hidden_dim": 87, "num_heads": 5, "dropout_rate": 0.36405137755762595, "negative_slope": 0.18509054385628262, "lr": 0.0004703849322867872, "batch_size": 512}