{"hidden_dim": 45, "num_heads": 12, "dropout_rate": 0.36191376110724244, "negative_slope": 0.16448819089645672, "lr": 0.0003446636271863072, "batch_size": 256}