{"hidden_dim": 209, "num_heads": 5, "dropout_rate": 0.3881801230613552, "negative_slope": 0.17050420118772353, "lr": 0.0011599710247083863, "batch_size": 512}