{"hidden_dim": 158, "num_heads": 4, "dropout_rate": 0.25269802094130367, "negative_slope": 0.07903367677310773, "lr": 0.0003641770285703047, "batch_size": 64}