{"hidden_dim": 162, "num_heads": 4, "dropout_rate": 0.46486097846089264, "negative_slope": 0.11030767238341688, "lr": 0.0028672581608881445, "batch_size": 512}