{"hidden_dim": 168, "num_heads": 4, "dropout_rate": 0.25777486728616666, "negative_slope": 0.1554716219809429, "lr": 0.0003094583248948547, "batch_size": 128}