{"hidden_dim": 87, "num_heads": 14, "dropout_rate": 0.2533135211242392, "negative_slope": 0.19410117475563646, "lr": 0.00022206823810908477, "batch_size": 256}