{"hidden_dim": 103, "num_heads": 4, "dropout_rate": 0.46462408059443183, "negative_slope": 0.11226656135190254, "lr": 0.00033696307505584025, "batch_size": 64}