{"hidden_dim": 58, "num_heads": 16, "dropout_rate": 0.11014256281750023, "negative_slope": 0.06316332777928013, "lr": 0.00022824563775689725, "batch_size": 128}