{"hidden_dim": 22, "num_heads": 18, "dropout_rate": 0.46677340872802303, "negative_slope": 0.19145069023477496, "lr": 0.0004885331367761132, "batch_size": 512}