{"hidden_dim": 83, "num_heads": 9, "dropout_rate": 0.2189965846938936, "negative_slope": 0.09539123792122586, "lr": 0.0007835855088384969, "batch_size": 256}