{"hidden_dim": 199, "num_heads": 16, "dropout_rate": 0.07722445045000531, "negative_slope": 0.17593139408027939, "lr": 0.00030117492745878097, "batch_size": 64}