{"hidden_dim": 32, "num_heads": 7, "dropout_rate": 0.3385469557656449, "negative_slope": 0.16502559363828312, "lr": 0.0012017115040117048, "batch_size": 128}