{"hidden_dim": 201, "num_heads": 2, "dropout_rate": 0.4390405169027744, "negative_slope": 0.023118343317597975, "lr": 0.001420099272889563, "batch_size": 64}