{"hidden_dim": 166, "num_heads": 8, "dropout_rate": 0.3083524710220025, "negative_slope": 0.0948744255110791, "lr": 0.008565732856019909, "batch_size": 64}