{"hidden_dim": 220, "num_heads": 4, "dropout_rate": 0.10522481957918861, "negative_slope": 0.07415018143581055, "lr": 0.00010807630821939319, "batch_size": 256}