{"hidden_dim": 152, "num_heads": 10, "dropout_rate": 0.20304234543154842, "negative_slope": 0.1269993105026713, "lr": 0.00019556565771193936, "batch_size": 64}