{"hidden_dim": 236, "num_heads": 8, "dropout_rate": 0.23268198579276844, "negative_slope": 0.15208068716972087, "lr": 0.00486750055451992, "batch_size": 64}