{"hidden_dim": 102, "num_heads": 1, "dropout_rate": 0.3591950794854715, "negative_slope": 0.19797076052317414, "lr": 0.0003407099266834378, "batch_size": 64}