{"hidden_dim": 248, "num_heads": 9, "dropout_rate": 0.07289035254713952, "negative_slope": 0.06657762679325743, "lr": 0.00010862657176867663, "batch_size": 128}