{"hidden_dim": 44, "num_heads": 20, "dropout_rate": 0.12286729287269066, "negative_slope": 0.12699512338090996, "lr": 0.0008888670092035424, "batch_size": 128}