{"n_steps": 4, "hidden_dim": 206, "lr": 0.0008921938214849743, "batch_size": 256, "dropout_rate": 0.029640251399172868}