{"n_steps": 1, "hidden_dim": 208, "lr": 0.0005331521384102761, "batch_size": 64, "dropout_rate": 0.019408514795055565}