{"n_steps": 4, "hidden_dim": 178, "lr": 0.0003414381765849006, "batch_size": 128, "dropout_rate": 0.29714787766751105}