{"n_steps": 2, "hidden_dim": 132, "lr": 0.0014027649608730425, "batch_size": 128, "dropout_rate": 0.07530802543839274}