{"hidden_dim": 82, "aggregator_type": "lstm", "dropout_rate": 0.0808923396347232, "lr": 0.0009873514778254815, "batch_size": 64}