{"hidden_dim": 205, "aggregator_type": "lstm", "dropout_rate": 0.23057402003910865, "lr": 0.007573213928984929, "batch_size": 128}