{"hidden_dim": 254, "aggregator_type": "gcn", "dropout_rate": 0.09811982173499428, "lr": 0.005997113132403817, "batch_size": 128}