{"hidden_dim": 124, "aggregator_type": "mean", "dropout_rate": 0.07518822477964826, "lr": 0.0013725395748444443, "batch_size": 128}