{"hidden_dim": 79, "aggregator_type": "pool", "dropout_rate": 0.07637438106538776, "lr": 0.0027479396162293666, "batch_size": 128}