{"hidden_dim": 242, "aggregator_type": "lstm", "dropout_rate": 0.12150341097046219, "lr": 0.0012367782881944926, "batch_size": 64}