{"hidden_dim": 127, "aggregator_type": "pool", "dropout_rate": 0.10382889961780041, "lr": 0.0007746291903849203, "batch_size": 128}