{"hidden_dim": 32, "aggregator_type": "pool", "dropout_rate": 0.020014348816264682, "lr": 0.006076650891745047, "batch_size": 128}