{"hidden_dim": 235, "aggregator_type": "pool", "dropout_rate": 0.02989146345984106, "lr": 0.005495620413140507, "batch_size": 64}