{"hidden_dim": 213, "aggregator_type": "mean", "dropout_rate": 0.0024004327690393956, "lr": 0.008761245242279442, "batch_size": 128}