{"hidden_dim": 181, "aggregator_type": "pool", "dropout_rate": 0.03471389799304414, "lr": 0.0012611218492215507, "batch_size": 64}