{"hidden_dim": 116, "aggregator_type": "gcn", "dropout_rate": 0.004678853580665221, "lr": 0.0017924562497099914, "batch_size": 128}