{"hidden_dim": 38, "aggregator_type": "mean", "dropout_rate": 0.02178402602812618, "lr": 0.014202990368565356, "batch_size": 512}