{"hidden_dim": 81, "aggregator_type": "pool", "dropout_rate": 0.13129459012521083, "lr": 0.0015032450961062881, "batch_size": 128}