{"hidden_dim": 83, "aggregator_type": "mean", "dropout_rate": 0.04573892573284857, "lr": 0.009975383356650741, "batch_size": 128}