{"hidden_dim": 96, "aggregator_type": "lstm", "dropout_rate": 0.05753369874080011, "lr": 0.006741062817449325, "batch_size": 512}