{"hidden_dim": 229, "aggregator_type": "mean", "dropout_rate": 0.008498723178377243, "lr": 0.0010612492281060334, "batch_size": 256}