{"hidden_dim": 217, "aggregator_type": "lstm", "dropout_rate": 0.12646247927562754, "lr": 0.0016225675736934442, "batch_size": 256}