{"hidden_dim": 183, "aggregator_type": "pool", "dropout_rate": 0.01670712646018896, "lr": 0.0072697497506983635, "batch_size": 512}