{"hidden_dim": 35, "aggregator_type": "gcn", "dropout_rate": 0.030068411033668307, "lr": 0.01841586158531919, "batch_size": 128}