{"hidden_dim": 92, "aggregator_type": "mean", "dropout_rate": 0.045846476777799516, "lr": 0.004176095768237321, "batch_size": 256}