{"hidden_dim": 93, "aggregator_type": "mean", "dropout_rate": 0.004994463683556029, "lr": 0.001291434590145859, "batch_size": 512}