{"hidden_dim": 58, "aggregator_type": "pool", "dropout_rate": 0.0967678191387657, "lr": 0.012875412501883983, "batch_size": 256}