{"hidden_dim": 130, "aggregator_type": "pool", "dropout_rate": 0.08665757003351404, "lr": 0.003317098466665311, "batch_size": 64}