{"n_steps": 1, "hidden_dim": 238, "lr": 0.0029426415311910115, "batch_size": 128, "dropout_rate": 0.18773136221658493}