{"n_steps": 24, "hidden_dim": 137, "lr": 0.00016026835667986956, "batch_size": 512, "dropout_rate": 0.19656662289700488}