{"n_steps": 3, "hidden_dim": 246, "lr": 0.0004751735028650879, "batch_size": 128, "dropout_rate": 0.36640131489993255}