{"n_steps": 2, "hidden_dim": 170, "lr": 0.0032404434185817695, "batch_size": 128, "dropout_rate": 0.12564659070329676}