{"n_steps": 1, "hidden_dim": 129, "lr": 0.022776877876865644, "batch_size": 512, "dropout_rate": 0.39272377696032607}