{"n_steps": 31, "hidden_dim": 220, "lr": 0.01230669901292677, "batch_size": 128, "dropout_rate": 0.24673702351744847}