{"n_steps": 1, "hidden_dim": 195, "lr": 0.004003815129363541, "batch_size": 512, "dropout_rate": 0.37848650794204514}