{"n_steps": 1, "hidden_dim": 139, "lr": 0.0005237677170656975, "batch_size": 128, "dropout_rate": 0.2385190391124555}