{"n_steps": 1, "hidden_dim": 148, "lr": 0.00023937743696111473, "batch_size": 64, "dropout_rate": 0.400530833939756}