{"n_steps": 1, "hidden_dim": 225, "lr": 0.0008137446017704964, "batch_size": 512, "dropout_rate": 0.06676429900657399}