{"n_steps": 5, "hidden_dim": 171, "lr": 0.004569634612490987, "batch_size": 64, "dropout_rate": 0.016368477066116355}