{"n_steps": 7, "hidden_dim": 189, "lr": 0.0008963242744615904, "batch_size": 128, "dropout_rate": 0.15860664353595474}