{"n_steps": 1, "hidden_dim": 253, "lr": 0.0008449451075367362, "batch_size": 256, "dropout_rate": 0.25333784294579537}