{"n_steps": 1, "hidden_dim": 161, "lr": 0.002105822753480402, "batch_size": 128, "dropout_rate": 0.17834657444085558}