{"n_steps": 32, "hidden_dim": 208, "lr": 0.0030821382481514272, "batch_size": 256, "dropout_rate": 0.3549223089526011}