{"n_steps": 1, "hidden_dim": 149, "lr": 0.0012107412111995901, "batch_size": 512, "dropout_rate": 0.34028829720209663}