{"n_steps": 1, "hidden_dim": 202, "lr": 0.0009741817248517977, "batch_size": 256, "dropout_rate": 0.2300799405071815}