{"n_steps": 1, "hidden_dim": 126, "lr": 0.002040099723413343, "batch_size": 64, "dropout_rate": 0.1540663048441279}