{"n_steps": 1, "hidden_dim": 256, "lr": 0.0009464545567517955, "batch_size": 256, "dropout_rate": 0.13613966378207265}