{"hidden_dim": 47, "num_heads": 10, "dropout_rate": 0.16603066033858732, "negative_slope": 0.0744407635333093, "lr": 0.0028890383193563096, "batch_size": 128}