{"hidden_dim": 171, "num_heads": 4, "dropout_rate": 0.23737699360522693, "negative_slope": 0.19908855707626505, "lr": 0.0006390030032117636, "batch_size": 64}