{"n_steps": 1, "hidden_dim": 74, "lr": 0.0011402701166686232, "batch_size": 64, "dropout_rate": 0.15689661649212333}