{"n_steps": 3, "hidden_dim": 205, "lr": 0.0004166617197323392, "batch_size": 256, "dropout_rate": 0.11060718142178522}