{"n_steps": 1, "hidden_dim": 100, "lr": 0.0010112971235317757, "batch_size": 512, "dropout_rate": 0.32594079554578126}