{"n_steps": 1, "hidden_dim": 209, "lr": 0.00034571346460851246, "batch_size": 512, "dropout_rate": 0.09173538366510972}