{"n_steps": 1, "hidden_dim": 253, "lr": 0.0002337051646541775, "batch_size": 64, "dropout_rate": 0.49439917840214753}