{"n_steps": 2, "hidden_dim": 186, "lr": 0.0007712086740933776, "batch_size": 256, "dropout_rate": 0.4542772641648086}