{"n_steps": 16, "hidden_dim": 86, "lr": 0.0001040757805765671, "batch_size": 512, "dropout_rate": 0.042270813299112364}