{"n_steps": 22, "hidden_dim": 192, "lr": 0.0026296313674490273, "batch_size": 128, "dropout_rate": 0.3547756367608}