{"n_steps": 3, "hidden_dim": 105, "lr": 0.011762008082370426, "batch_size": 512, "dropout_rate": 0.05849693246907678}