{"n_steps": 1, "hidden_dim": 165, "lr": 0.0005895144920903697, "batch_size": 64, "dropout_rate": 0.3079449954408542}