{"n_steps": 1, "hidden_dim": 186, "lr": 0.0002731972601226636, "batch_size": 256, "dropout_rate": 0.3145030565959052}