{"n_steps": 6, "hidden_dim": 168, "lr": 0.0002297984734682408, "batch_size": 256, "dropout_rate": 0.32491521801037265}