{"n_steps": 2, "hidden_dim": 200, "lr": 0.005145602558919839, "batch_size": 512, "dropout_rate": 0.3135296222608794}