{"n_steps": 1, "hidden_dim": 145, "lr": 0.00042228286710081336, "batch_size": 128, "dropout_rate": 0.19238249286985187}