{"n_steps": 1, "hidden_dim": 191, "lr": 0.001985640426313762, "batch_size": 512, "dropout_rate": 0.41107888191985353}