{"n_steps": 2, "hidden_dim": 208, "lr": 0.0007731551459262334, "batch_size": 512, "dropout_rate": 0.04471900968075576}