{"n_steps": 2, "hidden_dim": 247, "lr": 0.0012997600916468904, "batch_size": 256, "dropout_rate": 0.15086765692807097}