{"n_steps": 3, "hidden_dim": 80, "lr": 0.0002145354454957229, "batch_size": 64, "dropout_rate": 0.3329278346579137}