{"n_steps": 8, "hidden_dim": 225, "lr": 0.00011613088037632555, "batch_size": 128, "dropout_rate": 0.460449898313753}