{"n_steps": 1, "hidden_dim": 224, "lr": 0.0002051225593755777, "batch_size": 128, "dropout_rate": 0.03918153877529452}