{"hidden_dim": 129, "num_heads": 6, "dropout_rate": 0.22449366984139743, "negative_slope": 0.19419878978998373, "lr": 0.002714356272756657, "batch_size": 128}