{"hidden_dim": 217, "num_heads": 2, "dropout_rate": 0.08450267639653158, "negative_slope": 0.10811816306705016, "lr": 0.0006953358339733873, "batch_size": 256}