{"hidden_dim": 253, "aggregator_type": "pool", "dropout_rate": 0.015569984243116338, "lr": 0.00011464273983700225, "batch_size": 64}