{"hidden_dim": 248, "aggregator_type": "mean", "dropout_rate": 0.005518705287377801, "lr": 0.00022571722861260607, "batch_size": 256}