{"hidden_dim": 66, "aggregator_type": "mean", "dropout_rate": 0.01099932783147245, "lr": 0.006900867366721296, "batch_size": 128}