{"hidden_dim": 120, "aggregator_type": "lstm", "dropout_rate": 0.13640618873194632, "lr": 0.003379764546251136, "batch_size": 256}