{"hidden_dim": 152, "aggregator_type": "pool", "dropout_rate": 0.031484199525819434, "lr": 0.000548418185982193, "batch_size": 512}