{"hidden_dim": 87, "aggregator_type": "pool", "dropout_rate": 0.014974706023727857, "lr": 0.001471521211061037, "batch_size": 512}