{"hidden_dim": 130, "aggregator_type": "mean", "dropout_rate": 0.09948189472430857, "lr": 0.0037360382682951466, "batch_size": 128}