{"hidden_dim": 134, "aggregator_type": "gcn", "dropout_rate": 0.06646960515461464, "lr": 0.007455331216899308, "batch_size": 256}