{"hidden_dim": 148, "aggregator_type": "pool", "dropout_rate": 0.05027761579906642, "lr": 0.0023501577577585654, "batch_size": 256}