{"hidden_dim": 214, "aggregator_type": "gcn", "dropout_rate": 0.05131648434164243, "lr": 0.0007977382333146498, "batch_size": 256}