{"hidden_dim": 134, "aggregator_type": "lstm", "dropout_rate": 0.07063602989980483, "lr": 0.01339387714578267, "batch_size": 128}