{"hidden_dim": 254, "aggregator_type": "pool", "dropout_rate": 0.0033337019851680492, "lr": 0.004713906112723979, "batch_size": 64}