{"hidden_dim": 139, "aggregator_type": "pool", "dropout_rate": 0.014140082666062426, "lr": 0.0008498165114355178, "batch_size": 256}