{"hidden_dim": 76, "aggregator_type": "pool", "dropout_rate": 0.008313497692009286, "lr": 0.00892035477929921, "batch_size": 128}