{"hidden_dim": 254, "aggregator_type": "mean", "dropout_rate": 0.035695885234456326, "lr": 0.002028717973972058, "batch_size": 128}