{"n_steps": 1, "hidden_dim": 256, "lr": 0.002063763047332041, "batch_size": 128, "dropout_rate": 0.20382282853659714}