{"n_steps": 1, "hidden_dim": 255, "lr": 0.001042483292515322, "batch_size": 512, "dropout_rate": 0.07181695868935485}