{"n_steps": 14, "hidden_dim": 219, "lr": 0.0001539214465082664, "batch_size": 256, "dropout_rate": 0.1565544603660508}