{"hidden_dim": 159, "aggregator_type": "mean", "dropout_rate": 0.007678881672243587, "lr": 0.0034587154500223564, "batch_size": 128}